text,label,notes,source_url
"Wemby still gotta work on his conditioning, which is kind of a downside of the load management he had during the regular season. Those games where he is recovered and goes crazy like gm1 and 4 are great, but if he can't sustain level of success that he can still contribute he's gonna keep having trouble deep in these playoff runs",analysis,Explains performance through conditioning and load management.,https://www.reddit.com/r/nba/comments/1totaav/post_game_thread_the_oklahoma_city_thunder_32/
"Yep, I wouldn't be surprised if he bounces back and the Spurs take game 6 but get blasted in game 7 with Wemby running out of gas.",analysis,Prediction tied to fatigue pattern.,https://www.reddit.com/r/nba/comments/1totaav/post_game_thread_the_oklahoma_city_thunder_32/
"It’s been the pattern so far. He has one amazing game, then needs to rest up for his next. He will look like the best player on the planet again in game 6 in San Antonio. The series comes down to whether he can finally do it two games in a row.",analysis,Uses observed game-to-game pattern.,https://www.reddit.com/r/nba/comments/1totaav/post_game_thread_the_oklahoma_city_thunder_32/
said it in another thread but the spurs should gradually increase his minutes closer to the playoffs to get him conditioned. im sure the medical staff knows more than a random redditor tho so might be a dumb idea,analysis,Gives conditioning plan with qualification.,https://www.reddit.com/r/nba/comments/1totaav/post_game_thread_the_oklahoma_city_thunder_32/
Problem is he got injured middle of the season and understandably they wanted to be ultra cautious,analysis,Explains minutes management through injury context.,https://www.reddit.com/r/nba/comments/1totaav/post_game_thread_the_oklahoma_city_thunder_32/
"I kind of assumed, or naively thought, that he was on a bike after games Rodman style to have good cardio for the playoffs with low injury risk. Unfortunately that seems to not be the case",analysis,Connects cardio training idea to playoff stamina.,https://www.reddit.com/r/nba/comments/1totaav/post_game_thread_the_oklahoma_city_thunder_32/
Yeah if wemby is able to play at a top level for 10 years I’ll be impressed. You simply can’t be that tall and handle this amount of wear and tear on your body. At least no one has done it before. It’ll be a miracle of modern medicine/sports rehabilitation to keep him healthy.,analysis,Historical/body-type reasoning about durability.,https://www.reddit.com/r/nba/comments/1totaav/post_game_thread_the_oklahoma_city_thunder_32/
I don't think so. He reminds me of Kareem on how he takes care of his body. I don't think this will be a Yao situation barring freak accidents,analysis,Uses historical comparison to support durability claim.,https://www.reddit.com/r/nba/comments/1totaav/post_game_thread_the_oklahoma_city_thunder_32/
"It’s literally year 3 and the first time in the playoffs. He is already doing things that people said his build would never allow. Let him keep growing and practicing, he’ll be dominating Bo7 series on 35mpg in no time.",analysis,Argues from age and development curve.,https://www.reddit.com/r/nba/comments/1totaav/post_game_thread_the_oklahoma_city_thunder_32/
The issue is he’s not used to high minutes because he has been on a minutes restriction his whole career in the nba. The issue with playing him more minutes in the regular season to condition him is obvious scares of injury. Tough spot to be in.,analysis,Explains tradeoff between conditioning and injury risk.,https://www.reddit.com/r/nba/comments/1totaav/post_game_thread_the_oklahoma_city_thunder_32/
It has been the same amount of time between each of the games. I don't understand how people think he's recovered for one but not another. It's adjustments to how the Thunder are playing him and Spurs confusingly not running actions to get him early post position.,analysis,Attributes performance to defensive adjustments and offensive actions.,https://www.reddit.com/r/nba/comments/1totaav/post_game_thread_the_oklahoma_city_thunder_32/
The whole OKC squad had the same issue in 2024. That Dallas series they were exhausted. The downside of so many young guys is they haven't played this many games in a season ever. Add the minutes increase with little break between games too.,analysis,Uses prior series comparison and schedule context.,https://www.reddit.com/r/nba/comments/1totaav/post_game_thread_the_oklahoma_city_thunder_32/
Man is starting in the Western Finals. His 3 ball isn’t en fuego like it was in LA but he always hits big shots and does the little things. Just has to get beefier on defense.,analysis,Evaluates player role with strengths and weakness.,https://www.reddit.com/r/nba/comments/1totaav/post_game_thread_the_oklahoma_city_thunder_32/
"His 3s broke the spurs late in the 4th. He's so quick, knows when the defense is fucked, and pulls the trigger without fear. All of OKC is willing to screen and give him some dribble handoffs for him to cook. Beautiful offense for him to thrive in.",analysis,Tactical explanation of why the offense fits him.,https://www.reddit.com/r/nba/comments/1totaav/post_game_thread_the_oklahoma_city_thunder_32/
That’s what happens when dude plays 30 minutes a game and is expected to play 40+.,analysis,Causal explanation based on minutes increase.,https://www.reddit.com/r/nba/comments/1totaav/post_game_thread_the_oklahoma_city_thunder_32/
Yeah also going against playoff teams where defense is turned up a notch or two versus half the regular season against tank teams.,analysis,Explains difficulty through playoff defensive intensity.,https://www.reddit.com/r/nba/comments/1totaav/post_game_thread_the_oklahoma_city_thunder_32/
"Honestly this series has been… kinda shitty? Like the first game was electric, the second was solid, but the last three have all been absolute ass. Every one is just some combination of a blowout, brickfest, and absolute dogshit reffing",analysis,Breaks down series quality by game type.,https://www.reddit.com/r/nba/comments/1totaav/post_game_thread_the_oklahoma_city_thunder_32/
"Eh game 3 wasn’t within single digits for the entire fourth quarter. 0 lead changes after halftime. It wasn’t terrible, but it was pretty boring at a minimum",analysis,Supports opinion with game-flow evidence.,https://www.reddit.com/r/nba/comments/1totaav/post_game_thread_the_oklahoma_city_thunder_32/
"Thats most 7 game series, 2016 finals was majority shitty games, but remembered for 2-3 classics. but I agree something about this seems worse than usual",analysis,Uses historical comparison to contextualize series quality.,https://www.reddit.com/r/nba/comments/1totaav/post_game_thread_the_oklahoma_city_thunder_32/
"tbf I would've expected him to make more of those threes, some of them were very open. Do agree that Johnson needs to get him easier shots in the paint / close to the rim though.",analysis,Balances shot quality with offensive design critique.,https://www.reddit.com/r/nba/comments/1totaav/post_game_thread_the_oklahoma_city_thunder_32/
"Wembanyama in Spurs wins this series: 25 FGA in Game 1 and 22 FGA in Game 4. Wembanyama in Spurs losses this series: 16 FGA in Game 2, 15 FGA in Game 3, and 15 FGA in Game 5. SAN ANTONIO, WEMBY, YOUR GAMEPLAN COULD NOT BE ANY MORE SIMPLER FOR GAME 6; DEMAND THE BALL",analysis,Uses FGA split as evidence for game plan.,https://www.reddit.com/r/nba/comments/1totaav/post_game_thread_the_oklahoma_city_thunder_32/
"Tell the Spurs to stop committing dumb fouls. Castle had 5 fouls and he easily could’ve had 9. Keldon Johnson holding Chet’s jerseys and pulling backwards DIRECTLY in front of the baseline ref. Like, the Spurs did not adjust and just kept doing dumb shit in obvious ways.",analysis,Gives specific foul examples and adjustment critique.,https://www.reddit.com/r/nba/comments/1totaav/post_game_thread_the_oklahoma_city_thunder_32/
"When OKC fouls they foul hard, when San Antonio fouls it’s often in the dumbest but most obvious ways that aren’t even necessary. Castle needs to learn to stop trying so hard to press that he loses focus and starts fouling over the half court line.",analysis,Explains foul differential through defensive habits.,https://www.reddit.com/r/nba/comments/1totaav/post_game_thread_the_oklahoma_city_thunder_32/
We’ve been fouling the shit out of each other ALL series and now the refs woke up and decided to actually call it all,analysis,Explains officiating change through prior series physicality.,https://www.reddit.com/r/nba/comments/1totaav/post_game_thread_the_oklahoma_city_thunder_32/
This. Wemby’s getting mauled. Castle is basically hugging SGA every time he tries to move. They were great games but it was getting suffocating.,analysis,Compares physical defense on both sides.,https://www.reddit.com/r/nba/comments/1totaav/post_game_thread_the_oklahoma_city_thunder_32/
"Thunder made a lot of the threes they missed in Game 4 tonight, and handled having no second side creators by just making threes and opening up more space to drive and operate. Honestly I can't tell if the game plan changed much other than make more shots, the Thunder trust in their role players to attack and perform regardless of previous game performances.",analysis,Analyzes spacing and role-player shooting.,https://www.reddit.com/r/nba/comments/1totaav/post_game_thread_the_oklahoma_city_thunder_32/
"Yeah Wemby was not himself tonight, rough game, let’s see how they bounce back in game 6.",analysis,Brief evaluation tied to next-game adjustment.,https://www.reddit.com/r/nba/comments/1totaav/post_game_thread_the_oklahoma_city_thunder_32/
They’re so talented and so ahead of schedule that people forget how young they are. They looked young tonight.,analysis,Explains performance by development stage.,https://www.reddit.com/r/nba/comments/1totaav/post_game_thread_the_oklahoma_city_thunder_32/
This is the first game I thought Wemby wasn't good and was the first game since I think February the spurs lost his minutes. His defense did not feel as impactful as normal and on offense he was content to sit on the perimeter.,analysis,Uses plus-minus and role observations.,https://www.reddit.com/r/nba/comments/1totaav/post_game_thread_the_oklahoma_city_thunder_32/
"Never a good thing when the refs are one of the main takeaways of a game. At times, it does kinda feel like there are three teams on the basketball court. But even then, this should not ignore the fact the Spurs didn't play particularly well tonight. They've had decent chances, just couldn't capitalize.",analysis,Separates officiating issue from Spurs execution.,https://www.reddit.com/r/nba/comments/1totaav/post_game_thread_the_oklahoma_city_thunder_32/
OKC had several of turnovers late in the 4th and Spurs couldn't capitalize to take on runs of those turnovers to get close and tie the lead but they couldn't.,analysis,Uses late-game turnovers as missed opportunity evidence.,https://www.reddit.com/r/nba/comments/1totaav/post_game_thread_the_oklahoma_city_thunder_32/
Wemby being gassed mid second quarter is a major concern. You also clearly see the age and inexperience on the Spurs now. They will be there for probably the next 6-7 years but this year is simply too early and the Thunder too good and experienced.,analysis,Explains series through age and experience gap.,https://www.reddit.com/r/nba/comments/1totaav/post_game_thread_the_oklahoma_city_thunder_32/
Spurs just got outplayed. Simple as that. Yes there was BS officiating but the Spurs couldn’t shoot and turned the ball over way too much.,analysis,Gives concrete reasons for loss beyond refs.,https://www.reddit.com/r/nba/comments/1totaav/post_game_thread_the_oklahoma_city_thunder_32/
"Clear goaltending by the Thunder not called. Then foul called on Spurs. Then ball out on Chet, called Thunder ball. Spurs try to challenge, refs ignore it. Then call a technical on the coach. What a sequence that was…",analysis,Lists a specific officiating sequence.,https://www.reddit.com/r/nba/comments/1totaav/post_game_thread_the_oklahoma_city_thunder_32/
"People were so eager to compare these teams, but regardless of what happens going forward, them being comparable while missing their 2nd best player speaks volumes to how historically great they are.",analysis,Argues team quality from injury context.,https://www.reddit.com/r/nba/comments/1totaav/post_game_thread_the_oklahoma_city_thunder_32/
We're going seven folks. Overreact and post all of the statline topics you want. We're ending this on Saturday and whoever wins will celebrate with an Epsom salt bath. Guys are getting beat up left and right. Also a basic stat for the stat heads so I don't saturate New with more and more stats: SA when Wemby takes 20+ fgs: 2-0. SA when Wemby takes less than 20 fgs: 0-3.,analysis,Prediction supported by shot-attempt split.,https://www.reddit.com/r/nba/comments/1totaav/post_game_thread_the_oklahoma_city_thunder_32/
Okc was a better team and both stars were so off timing. Also Tony Brothers may just be a supervillain.,analysis,Explains result through team quality and star timing.,https://www.reddit.com/r/nba/comments/1totaav/post_game_thread_the_oklahoma_city_thunder_32/
"we are just not on the same level. thats fine, but people will overreact when we exceeded all expectations this year. dont fire mitch. castle doesnt suck. we need better roster depth and that can happen next year. we have plyoff experience now!",analysis,"Evaluates team gap, expectations, roster depth, and experience.",https://www.reddit.com/r/nba/comments/1tl4twh/post_game_thread_the_oklahoma_city_thunder_21/
Thunder bench is outscoring the Spurs bench 183 vs 64 through the first 3 games,analysis,Uses bench scoring split as evidence.,https://www.reddit.com/r/nba/comments/1tl4twh/post_game_thread_the_oklahoma_city_thunder_21/
"I couldn't believe they traded McCain, it really changed OKC's bench to have a reliable scorer. Morey is an idiot and a liar.",analysis,Explains impact of trade on bench scoring.,https://www.reddit.com/r/nba/comments/1tl4twh/post_game_thread_the_oklahoma_city_thunder_21/
Sold high was incredibly ballsy to say. Coulda just said you were planning for the future salary or complimented Jared and wished him luck while ducking the question. Saying sold high is just asking for it though.,analysis,Analyzes messaging decision around trade explanation.,https://www.reddit.com/r/nba/comments/1tl4twh/post_game_thread_the_oklahoma_city_thunder_21/
Sam Presti got a dawg still on his rookie contract for pocket lint and a bag of chips. This is the crowning shit stain on Morey's legacy now.,analysis,Explains trade value through contract and cost.,https://www.reddit.com/r/nba/comments/1tl4twh/post_game_thread_the_oklahoma_city_thunder_21/
+28 in 27 minutes off the bench. Dude has been amazing.,analysis,Uses plus-minus and minutes as evidence.,https://www.reddit.com/r/nba/comments/1tl4twh/post_game_thread_the_oklahoma_city_thunder_21/
OKC outscored SA by 30 over the final 45 minutes of this game,analysis,Uses scoring margin over time as evidence.,https://www.reddit.com/r/nba/comments/1tl4twh/post_game_thread_the_oklahoma_city_thunder_21/
Wemby getting one lob all game has to be considered coaching malpractice.,analysis,Coaching critique based on shot creation type.,https://www.reddit.com/r/nba/comments/1tl4twh/post_game_thread_the_oklahoma_city_thunder_21/
Or Wemby is gassed as fuck and so are the guards throwing him lobs because we have 0 bench,analysis,Alternative causal explanation based on fatigue and depth.,https://www.reddit.com/r/nba/comments/1tl4twh/post_game_thread_the_oklahoma_city_thunder_21/
Tbf OKC has elite ball denial,analysis,Explains offensive difficulty with defensive pressure.,https://www.reddit.com/r/nba/comments/1tl4twh/post_game_thread_the_oklahoma_city_thunder_21/
Both benches +/- really does tell the story to the game.,analysis,Uses bench plus-minus as explanatory metric.,https://www.reddit.com/r/nba/comments/1tl4twh/post_game_thread_the_oklahoma_city_thunder_21/
"They thoroughly thrashed and dismantled us in this game. Haven’t seen the Spurs look this not-in-control of a game since the Knicks game in March. Series isn’t over, but the guys are gonna need to rest well or something over the next two days because the Thunder just have so much more energy right now.",analysis,Compares current game to prior loss and energy gap.,https://www.reddit.com/r/nba/comments/1tl4twh/post_game_thread_the_oklahoma_city_thunder_21/
"Yup, he traded a player who’s in his 2nd year, but plays like a veteran, McCain is really good man.",analysis,Evaluates player value using age and maturity.,https://www.reddit.com/r/nba/comments/1tl4twh/post_game_thread_the_oklahoma_city_thunder_21/
McCains willingness to just shoot no matter is so important for a team like the thunder. They have a lot of guys who stop shooting because they are cold but McCain will not which opens up the floor.,analysis,Explains spacing value from shot willingness.,https://www.reddit.com/r/nba/comments/1tl4twh/post_game_thread_the_oklahoma_city_thunder_21/
I don't even care that he was like 2-10 from three. He was a spark. He's going to be a 6moty contender next year,analysis,Uses role impact beyond shooting efficiency.,https://www.reddit.com/r/nba/comments/1tl4twh/post_game_thread_the_oklahoma_city_thunder_21/
"Even though he missed a lot each three he makes feel so important, like you don't really notice the misses like when Dort throws up one of those stupid ass rainbow threes",analysis,Compares shot perception across players.,https://www.reddit.com/r/nba/comments/1tl4twh/post_game_thread_the_oklahoma_city_thunder_21/
"I also love how annoying Shai finds him. He was on him a bit again tonight, and I’ve never really seen him get on anyone. I think it’s because he mostly came up with all the other guys, and McCain is one of the few who are green and came in after he was already established as a star",analysis,Infers team dynamic from sideline behavior and roster timeline.,https://www.reddit.com/r/nba/comments/1tl4twh/post_game_thread_the_oklahoma_city_thunder_21/
He’s also really tough. Like you can run him off the line and make him drive but he’s got strong shoulders for someone his size and isn’t afraid of trying to bouncing off of defenders and pulling up/going into someone’s body. That’s something that Isaiah Joe has never really added to his game,analysis,Detailed player-skill comparison.,https://www.reddit.com/r/nba/comments/1tl4twh/post_game_thread_the_oklahoma_city_thunder_21/
Stephon Castle plays like his head is on mars. Either tries to get a poster or cross someone up for a three and throws passes at 100 mph,analysis,Describes decision-making tendencies.,https://www.reddit.com/r/nba/comments/1tj7uyy/post_game_thread_the_oklahoma_city_thunder_11_tie/
20 TO in 2 matches. NBA record btw,analysis,Uses turnover count as evidence.,https://www.reddit.com/r/nba/comments/1tj7uyy/post_game_thread_the_oklahoma_city_thunder_11_tie/
And you can add at least 10 other occasions where his teammate saved the ball from turning over,analysis,Adds contextual evidence beyond box score.,https://www.reddit.com/r/nba/comments/1tj7uyy/post_game_thread_the_oklahoma_city_thunder_11_tie/
"There was that one possession where he lost his dribble, 4 guys hit the floor and Keldon Johnson came up with it miraculously. He gave it back to Castle who literally immediately threw it right to the Thunder again lmao",analysis,Specific possession example supporting turnover critique.,https://www.reddit.com/r/nba/comments/1tj7uyy/post_game_thread_the_oklahoma_city_thunder_11_tie/
"he actually is just kind of a bad passer. you hear about guys like Nash and Harden that ask their shooters how they like to catch the ball, and then you have guys like Castle who you are just hoping the ball doesn't go out of bounds",analysis,Compares passing quality using player examples.,https://www.reddit.com/r/nba/comments/1tj7uyy/post_game_thread_the_oklahoma_city_thunder_11_tie/
"People dunk on Fox, but there’s a reason we need him. Both our young guards have tons of potential, but they’re still so young, and Castle can’t be the lead ball handler at this point in his career.",analysis,Explains roster need and player development stage.,https://www.reddit.com/r/nba/comments/1tj7uyy/post_game_thread_the_oklahoma_city_thunder_11_tie/
He played primarily off ball in college and is basically still learning how to be a PG. He usually has Fox and Harper to help take the pressure off. Still way too wild but it is understandable,analysis,Contextualizes turnovers through role change.,https://www.reddit.com/r/nba/comments/1tj7uyy/post_game_thread_the_oklahoma_city_thunder_11_tie/
I’m not going to hold it against him. He’s a sophomore guard who is being asked to play against maybe the best perimeter defense of all time. Fox’s absence is felt.,analysis,"Explains performance through age, opponent defense, and injury context.",https://www.reddit.com/r/nba/comments/1tj7uyy/post_game_thread_the_oklahoma_city_thunder_11_tie/
Tbf if you told somebody in 2024 that Castle would be starting at PG in the WCF they probably would've told you this would be the result lmao.,analysis,Uses expectation context for player role.,https://www.reddit.com/r/nba/comments/1tj7uyy/post_game_thread_the_oklahoma_city_thunder_11_tie/
"Fox has his flaws as a Kings fan, but he’s still very good, don’t know why some salty Kings fans can’t admit that.",analysis,Balanced player assessment from fan perspective.,https://www.reddit.com/r/nba/comments/1tj7uyy/post_game_thread_the_oklahoma_city_thunder_11_tie/
Crazy it was that close with all the TOs and without Fox and away,analysis,"Explains close result despite turnovers, injury, and road context.",https://www.reddit.com/r/nba/comments/1tj7uyy/post_game_thread_the_oklahoma_city_thunder_11_tie/
"Officiating didn’t help but spurs ultimately lost from not having enough playmaking down the stretch, too many TOs and trouble getting Wemby good looks",analysis,"Summarizes loss using playmaking, turnovers, and shot creation.",https://www.reddit.com/r/nba/comments/1tj7uyy/post_game_thread_the_oklahoma_city_thunder_11_tie/
His build will never allow that. Double edged sword.,hot_take,Strong durability claim with little support.,https://www.reddit.com/r/nba/comments/1totaav/post_game_thread_the_oklahoma_city_thunder_32/
"Kids 22, give him a couple years",hot_take,Brief confident development claim.,https://www.reddit.com/r/nba/comments/1totaav/post_game_thread_the_oklahoma_city_thunder_32/
His teammates have to do a better job including him,hot_take,Unsupported blame assignment.,https://www.reddit.com/r/nba/comments/1totaav/post_game_thread_the_oklahoma_city_thunder_32/
Kinda hard when he stands at the logo,hot_take,Sharp unsupported explanation.,https://www.reddit.com/r/nba/comments/1totaav/post_game_thread_the_oklahoma_city_thunder_32/
He should never be taking 5 threes,hot_take,Strong tactical claim without support.,https://www.reddit.com/r/nba/comments/1totaav/post_game_thread_the_oklahoma_city_thunder_32/
Had nothing to do with his teammates. He wasnt engaged all game. Clearly saving himself which is a joke in a game 5 western finals game,hot_take,Confident criticism with limited reasoning.,https://www.reddit.com/r/nba/comments/1totaav/post_game_thread_the_oklahoma_city_thunder_32/
He jacked up a lot of unnecessary threes and took some lazy shots.,hot_take,Unsupported shot-selection criticism.,https://www.reddit.com/r/nba/comments/1totaav/post_game_thread_the_oklahoma_city_thunder_32/
He can only play in the paint half the time. The other games he just plays like a 7 4 shooting guard,hot_take,Bold player-style claim.,https://www.reddit.com/r/nba/comments/1totaav/post_game_thread_the_oklahoma_city_thunder_32/
"A lot of people said it was a terrible trade in the moment, and they’re still not wrong.",hot_take,Strong trade judgment with minimal support.,https://www.reddit.com/r/nba/comments/1totaav/post_game_thread_the_oklahoma_city_thunder_32/
"Fuck Darryl Morey. Gifted the defending champs a starter level player. Timely buckets from McCain, that dude is fearless.",hot_take,Strong unsupported blame and player claim.,https://www.reddit.com/r/nba/comments/1totaav/post_game_thread_the_oklahoma_city_thunder_32/
"He barely touched the ball on offense. Awful, awful coaching",hot_take,Blunt coaching claim with little explanation.,https://www.reddit.com/r/nba/comments/1totaav/post_game_thread_the_oklahoma_city_thunder_32/
Not complaining but the fact he isn’t glued to the paint is insane,hot_take,Strong tactical opinion.,https://www.reddit.com/r/nba/comments/1totaav/post_game_thread_the_oklahoma_city_thunder_32/
Wemby has to shoot it at least 25 times.,hot_take,Specific prescription without full reasoning.,https://www.reddit.com/r/nba/comments/1totaav/post_game_thread_the_oklahoma_city_thunder_32/
Wemby needs to live in the fucking paint or else they ain’t winning game 7,hot_take,Strong tactical claim with no support.,https://www.reddit.com/r/nba/comments/1totaav/post_game_thread_the_oklahoma_city_thunder_32/
He needs to grab the game by the balls are conquer it,hot_take,Bold motivational claim.,https://www.reddit.com/r/nba/comments/1totaav/post_game_thread_the_oklahoma_city_thunder_32/
Actual Basketball terrorist.,hot_take,Provocative unsupported criticism.,https://www.reddit.com/r/nba/comments/1totaav/post_game_thread_the_oklahoma_city_thunder_32/
Did you see the clip on the front page today? Tony Brothers doesn't like basketball he's just in it for the power,hot_take,Strong claim about official motivation.,https://www.reddit.com/r/nba/comments/1totaav/post_game_thread_the_oklahoma_city_thunder_32/
He full force elbowed him in the back,hot_take,Accusatory claim about play.,https://www.reddit.com/r/nba/comments/1totaav/post_game_thread_the_oklahoma_city_thunder_32/
Bum ass Plumlee. Thinks being an enforcer is hitting the smallest guy on the floor after your star already took all the punishment all game,hot_take,Unsupported character judgment.,https://www.reddit.com/r/nba/comments/1totaav/post_game_thread_the_oklahoma_city_thunder_32/
"Flip the teams and this sub would explode in rage. Since it was OKC in the receiving end, not even a thread talking about it was posted.",hot_take,Bold claim about subreddit bias.,https://www.reddit.com/r/nba/comments/1totaav/post_game_thread_the_oklahoma_city_thunder_32/
"First the Wemby elbow, now a Plumlee elbow? Not sure how I feel about these things from the Spurs",hot_take,Broad concern from limited incidents.,https://www.reddit.com/r/nba/comments/1totaav/post_game_thread_the_oklahoma_city_thunder_32/
Forget the refs. Insanely sloppy game from the spurs,hot_take,Strong evaluation without details.,https://www.reddit.com/r/nba/comments/1totaav/post_game_thread_the_oklahoma_city_thunder_32/
"No, we will not be forgetting the refs in one of the worst officiated playoff games in recent memory",hot_take,Strong officiating judgment with little support.,https://www.reddit.com/r/nba/comments/1totaav/post_game_thread_the_oklahoma_city_thunder_32/
Real. This game was decided with Wemby's sorry ass play all night. He has got to be better regardless of how the refs call the game.,hot_take,Confident blame assignment.,https://www.reddit.com/r/nba/comments/1totaav/post_game_thread_the_oklahoma_city_thunder_32/
OKC without J-Dub and Ajay Mitchell too,hot_take,Implied team-strength claim using missing players only.,https://www.reddit.com/r/nba/comments/1totaav/post_game_thread_the_oklahoma_city_thunder_32/
"No idea what the game plan was tonight, Wemby was iced out from the offense for the entire first half",hot_take,Strong coaching criticism.,https://www.reddit.com/r/nba/comments/1totaav/post_game_thread_the_oklahoma_city_thunder_32/
"Wemby, you can’t bump into Chet like that and put up a stinker but seriously this series is up and down for both teams, the Thunder have experience to close it out in game 6, let’s see if the spurs deliver.",hot_take,Prediction based mainly on confidence in experience.,https://www.reddit.com/r/nba/comments/1totaav/post_game_thread_the_oklahoma_city_thunder_32/
Fox/Wemby/Vassell shot like absolute shit tonight. But fuck you anyway Tony Brothers,hot_take,Blunt performance judgment.,https://www.reddit.com/r/nba/comments/1totaav/post_game_thread_the_oklahoma_city_thunder_32/
"With the Thunder wins it’s always the main talking point, don’t make it obvious guys",hot_take,Unsupported claim about discourse pattern.,https://www.reddit.com/r/nba/comments/1totaav/post_game_thread_the_oklahoma_city_thunder_32/
"What do you mean? This sub will complain every time OKC win blaming the refs. I can know if OKC won only by looking at the most upvoted posts at this sub, and they never talk about the score itself",hot_take,Broad claim about subreddit behavior.,https://www.reddit.com/r/nba/comments/1totaav/post_game_thread_the_oklahoma_city_thunder_32/
"Don't worry, the Lakers will try to make a trade for Dort this offseason. I can see it coming.",hot_take,Speculative prediction.,https://www.reddit.com/r/nba/comments/1totaav/post_game_thread_the_oklahoma_city_thunder_32/
"Yea let’s eliminate 20 fta from OKC, but keep the 32 SAS attempts and it was fair then, right?",hot_take,Sarcastic claim about fairness.,https://www.reddit.com/r/nba/comments/1totaav/post_game_thread_the_oklahoma_city_thunder_32/
4 made FGs from Wemby ain’t the blueprint to beat OKC,hot_take,Strong conclusion from single stat.,https://www.reddit.com/r/nba/comments/1totaav/post_game_thread_the_oklahoma_city_thunder_32/
Have the spurs thought about not fouling so much?,hot_take,Sarcastic one-sided explanation.,https://www.reddit.com/r/nba/comments/1totaav/post_game_thread_the_oklahoma_city_thunder_32/
Castle can’t defend without fouling,hot_take,Strong player claim with no detail.,https://www.reddit.com/r/nba/comments/1totaav/post_game_thread_the_oklahoma_city_thunder_32/
"No, that’s totally unrelated. The league is just rigged. Wemby just needs to continue standing 30’ from the hoop and Castle continue to throw it out of bounds.",hot_take,Sarcastic unsupported diagnosis.,https://www.reddit.com/r/nba/comments/1totaav/post_game_thread_the_oklahoma_city_thunder_32/
no jdub. no mitchell. no problem. tony brothers got us tonight,hot_take,Provocative claim about officiating helping win.,https://www.reddit.com/r/nba/comments/1totaav/post_game_thread_the_oklahoma_city_thunder_32/
"The demand is clear from Silver: More free throws, more time to show adds and the logos on the players shirt.",hot_take,Unsupported league-motive claim.,https://www.reddit.com/r/nba/comments/1totaav/post_game_thread_the_oklahoma_city_thunder_32/
Tony Brother Masterclass. Fuck Daryl Morey. Hartenstein had Wemby in jail tonight,hot_take,Blunt claims without developed evidence.,https://www.reddit.com/r/nba/comments/1totaav/post_game_thread_the_oklahoma_city_thunder_32/
Man you cannot have 6 rebounds in 37 mins as a fucking 7 foot 5 center.,hot_take,Strong criticism from one stat.,https://www.reddit.com/r/nba/comments/1totaav/post_game_thread_the_oklahoma_city_thunder_32/
"For all the hype this series had, it's pretty unwatchable.",hot_take,Broad quality judgment without support.,https://www.reddit.com/r/nba/comments/1totaav/post_game_thread_the_oklahoma_city_thunder_32/
Wemby being a non-factor this game is not good. His first half stats were absolutely terrible. If Spurs are going to win next game he really needs to step up.,hot_take,Strong performance claim with shallow evidence.,https://www.reddit.com/r/nba/comments/1totaav/post_game_thread_the_oklahoma_city_thunder_32/
Refs were absolutely terrible tonight jesus,hot_take,Unsupported officiating judgment.,https://www.reddit.com/r/nba/comments/1totaav/post_game_thread_the_oklahoma_city_thunder_32/
Where can I get a Tony Brothers jersey?,hot_take,Sarcastic claim that official dominated game.,https://www.reddit.com/r/nba/comments/1totaav/post_game_thread_the_oklahoma_city_thunder_32/
imagine Wemby with Kyrie's bag,hot_take,Speculative player-talent claim.,https://www.reddit.com/r/nba/comments/1totaav/post_game_thread_the_oklahoma_city_thunder_32/
Guess all the wemby is the GOAT convos from 1 game are p quiet now,hot_take,Provocative reversal take.,https://www.reddit.com/r/nba/comments/1totaav/post_game_thread_the_oklahoma_city_thunder_32/
Mitch Johnson sounds like Doc Rivers right now,hot_take,Unsupported coach comparison.,https://www.reddit.com/r/nba/comments/1totaav/post_game_thread_the_oklahoma_city_thunder_32/
We all knew this is going 7. Get ready Spurs fans for the bailout of the century in game 6 by the extender (Scott Foster). It really doesn’t take much to change the outcome of a basketball game. A few bad calls can swing the game.,hot_take,Conspiracy-style prediction.,https://www.reddit.com/r/nba/comments/1totaav/post_game_thread_the_oklahoma_city_thunder_32/
Spurs couldn’t shoot and turned the ball over way too much.,hot_take,Strong diagnosis stated briefly.,https://www.reddit.com/r/nba/comments/1totaav/post_game_thread_the_oklahoma_city_thunder_32/
What was Daryl Morey doing lmao,hot_take,Provocative judgment question.,https://www.reddit.com/r/nba/comments/1tl4twh/post_game_thread_the_oklahoma_city_thunder_21/
Being Daryl Morey,hot_take,Dismissive unsupported claim.,https://www.reddit.com/r/nba/comments/1tl4twh/post_game_thread_the_oklahoma_city_thunder_21/
S E L L H I G H,hot_take,Sarcastic trade judgment.,https://www.reddit.com/r/nba/comments/1tl4twh/post_game_thread_the_oklahoma_city_thunder_21/
"Fucking over the rest of us, including Philly.",hot_take,Strong blame claim.,https://www.reddit.com/r/nba/comments/1tl4twh/post_game_thread_the_oklahoma_city_thunder_21/
Got to duck the tax!,hot_take,Unsupported motive claim.,https://www.reddit.com/r/nba/comments/1tl4twh/post_game_thread_the_oklahoma_city_thunder_21/
If anything it’s the ownership and Morey was the scapegoat,hot_take,Speculative blame shift.,https://www.reddit.com/r/nba/comments/1tl4twh/post_game_thread_the_oklahoma_city_thunder_21/
Fuck you Daryl Morey.,hot_take,Emotional but directed as unsupported blame.,https://www.reddit.com/r/nba/comments/1tl4twh/post_game_thread_the_oklahoma_city_thunder_21/
What Josh Harris told him to do,hot_take,Speculative motive claim.,https://www.reddit.com/r/nba/comments/1tl4twh/post_game_thread_the_oklahoma_city_thunder_21/
Spurs have a lot of picks. They could have easily outbid the Thunder. There's blood on their hands too.,hot_take,Strong blame claim about trade opportunity.,https://www.reddit.com/r/nba/comments/1tl4twh/post_game_thread_the_oklahoma_city_thunder_21/
Morey is an idiot and a liar.,hot_take,Unsupported personal judgment.,https://www.reddit.com/r/nba/comments/1tl4twh/post_game_thread_the_oklahoma_city_thunder_21/
This is the crowning shit stain on Morey's legacy now.,hot_take,Provocative legacy claim.,https://www.reddit.com/r/nba/comments/1tl4twh/post_game_thread_the_oklahoma_city_thunder_21/
We need to get a class action lawsuit going against Daryl Morey,hot_take,Exaggerated blame claim.,https://www.reddit.com/r/nba/comments/1tl4twh/post_game_thread_the_oklahoma_city_thunder_21/
Who the fuck is this guy?,hot_take,Dismissive reaction used as unsupported judgment.,https://www.reddit.com/r/nba/comments/1tl4twh/post_game_thread_the_oklahoma_city_thunder_21/
More players should be like that but they’re scared of the wannabe analytic boys shitting on them,hot_take,Broad unsupported claim about player behavior.,https://www.reddit.com/r/nba/comments/1tl4twh/post_game_thread_the_oklahoma_city_thunder_21/
If you’re a spurs fan and think we’re better without Fox go ahead and leave,hot_take,Gatekeeping claim with no support.,https://www.reddit.com/r/nba/comments/1tj7uyy/post_game_thread_the_oklahoma_city_thunder_11_tie/
J dub would be the best player of a really good team,hot_take,Strong player claim without explanation.,https://www.reddit.com/r/nba/comments/1tj7uyy/post_game_thread_the_oklahoma_city_thunder_11_tie/
"Spurs better hope Fox can go Game 3 with Castle's turnovers only going up from here, especially without Harper.",hot_take,Prediction based on turnover trend but mostly assertive.,https://www.reddit.com/r/nba/comments/1tj7uyy/post_game_thread_the_oklahoma_city_thunder_11_tie/
Mitch Johnson has to play the media game. He has to call out what they were doing to Wemby. He has enough status as the next face of the league that it will become a story. If he doesn’t they’ll do this for the rest of the series.,hot_take,Strong strategic media claim with limited support.,https://www.reddit.com/r/nba/comments/1tj7uyy/post_game_thread_the_oklahoma_city_thunder_11_tie/
The script writers are in!,reaction,Immediate joking reaction.,https://www.reddit.com/r/nba/comments/1totaav/post_game_thread_the_oklahoma_city_thunder_32/
Dream scenario for the Knicks,reaction,Short fan reaction.,https://www.reddit.com/r/nba/comments/1totaav/post_game_thread_the_oklahoma_city_thunder_32/
Wemby was GASSED,reaction,Immediate emotional observation.,https://www.reddit.com/r/nba/comments/1totaav/post_game_thread_the_oklahoma_city_thunder_32/
God I hate Tony Brothers.,reaction,Emotional frustration.,https://www.reddit.com/r/nba/comments/1totaav/post_game_thread_the_oklahoma_city_thunder_32/
Scott Foster legacy game coming in G6,reaction,Joking reaction to officiating.,https://www.reddit.com/r/nba/comments/1totaav/post_game_thread_the_oklahoma_city_thunder_32/
"I, for one, am hoping The Extender has a vintage performance to get us a game 7",reaction,Sarcastic reaction.,https://www.reddit.com/r/nba/comments/1totaav/post_game_thread_the_oklahoma_city_thunder_32/
Absolute cinema for the officials,reaction,Sarcastic immediate reaction.,https://www.reddit.com/r/nba/comments/1totaav/post_game_thread_the_oklahoma_city_thunder_32/
Yeah unenjoyable,reaction,Short emotional judgment.,https://www.reddit.com/r/nba/comments/1totaav/post_game_thread_the_oklahoma_city_thunder_32/
One of the worst games I've ever watched tbh,reaction,Immediate negative reaction.,https://www.reddit.com/r/nba/comments/1totaav/post_game_thread_the_oklahoma_city_thunder_32/
This game sucked,reaction,Direct emotional response.,https://www.reddit.com/r/nba/comments/1totaav/post_game_thread_the_oklahoma_city_thunder_32/
Probably the most frustrating game I’ve watched in a long time. All the fouls and choppy play seems like a million miles from the beautiful game 1.,reaction,Frustration about viewing experience.,https://www.reddit.com/r/nba/comments/1totaav/post_game_thread_the_oklahoma_city_thunder_32/
Tony Brothers Masterclass,reaction,Sarcastic reaction.,https://www.reddit.com/r/nba/comments/1totaav/post_game_thread_the_oklahoma_city_thunder_32/
Belt to ass tonight.,reaction,Hype-style reaction.,https://www.reddit.com/r/nba/comments/1totaav/post_game_thread_the_oklahoma_city_thunder_32/
Surely this thread won’t be reactionary.,reaction,Meta sarcastic reaction.,https://www.reddit.com/r/nba/comments/1totaav/post_game_thread_the_oklahoma_city_thunder_32/
Yeah Wemby had a quiet game but did you see him talk in that huddle?? Tirico almost busted into the mic!,reaction,Humorous broadcast reaction.,https://www.reddit.com/r/nba/comments/1totaav/post_game_thread_the_oklahoma_city_thunder_32/
What about Game 6 bruh,reaction,Immediate confused reply.,https://www.reddit.com/r/nba/comments/1totaav/post_game_thread_the_oklahoma_city_thunder_32/
He said what he said,reaction,Short joking reaction.,https://www.reddit.com/r/nba/comments/1totaav/post_game_thread_the_oklahoma_city_thunder_32/
Me too tbh,reaction,Agreement reaction.,https://www.reddit.com/r/nba/comments/1totaav/post_game_thread_the_oklahoma_city_thunder_32/
It’s perplexing when he doesn’t,reaction,Confused reaction.,https://www.reddit.com/r/nba/comments/1totaav/post_game_thread_the_oklahoma_city_thunder_32/
Hail Jaydra,reaction,Joking hype reaction.,https://www.reddit.com/r/nba/comments/1tl4twh/post_game_thread_the_oklahoma_city_thunder_21/
Wtf 2 j will,reaction,Surprised reaction.,https://www.reddit.com/r/nba/comments/1tl4twh/post_game_thread_the_oklahoma_city_thunder_21/
I'm seeing double here...FOUR J-WILLS,reaction,Joking reaction.,https://www.reddit.com/r/nba/comments/1tl4twh/post_game_thread_the_oklahoma_city_thunder_21/
Why are there so many Jalen’s in the NBA?,reaction,Humorous reaction.,https://www.reddit.com/r/nba/comments/1tl4twh/post_game_thread_the_oklahoma_city_thunder_21/
This is getting out of hand - now there are two of then!,reaction,Meme-style reaction.,https://www.reddit.com/r/nba/comments/1tl4twh/post_game_thread_the_oklahoma_city_thunder_21/
The sold high threads will never end lol,reaction,Meta fan reaction.,https://www.reddit.com/r/nba/comments/1tl4twh/post_game_thread_the_oklahoma_city_thunder_21/
Daryl is getting a pod on The Ringer,reaction,Joking reaction.,https://www.reddit.com/r/nba/comments/1tl4twh/post_game_thread_the_oklahoma_city_thunder_21/
I HATE DARYL MOREY SO MUCH,reaction,Emotional frustration.,https://www.reddit.com/r/nba/comments/1tl4twh/post_game_thread_the_oklahoma_city_thunder_21/
So painful to watch but happy for Jared.,reaction,Mixed emotional reaction.,https://www.reddit.com/r/nba/comments/1tl4twh/post_game_thread_the_oklahoma_city_thunder_21/
"He will always be a Sixer in my heart. Idc where he ends up, he's a Sixer.",reaction,Sentimental fan reaction.,https://www.reddit.com/r/nba/comments/1tl4twh/post_game_thread_the_oklahoma_city_thunder_21/
Me too,reaction,Agreement reaction.,https://www.reddit.com/r/nba/comments/1tl4twh/post_game_thread_the_oklahoma_city_thunder_21/
DARYL MOREY IS A LIAR,reaction,Emotional slogan-like reaction.,https://www.reddit.com/r/nba/comments/1tl4twh/post_game_thread_the_oklahoma_city_thunder_21/
Sixers could use a guy like that,reaction,Ironic fan reaction.,https://www.reddit.com/r/nba/comments/1tl4twh/post_game_thread_the_oklahoma_city_thunder_21/
"Legacy game for him tonight. Shooters shoot, and he’s definitely not afraid",reaction,Hype reaction.,https://www.reddit.com/r/nba/comments/1tl4twh/post_game_thread_the_oklahoma_city_thunder_21/
The bench showed tf up today lol,reaction,Celebratory reaction.,https://www.reddit.com/r/nba/comments/1tl4twh/post_game_thread_the_oklahoma_city_thunder_21/
My favorite OKC player by a mile. Hate that OKC got gifted him,reaction,Fan preference reaction.,https://www.reddit.com/r/nba/comments/1tl4twh/post_game_thread_the_oklahoma_city_thunder_21/
Hes been a blessing,reaction,Positive reaction.,https://www.reddit.com/r/nba/comments/1tl4twh/post_game_thread_the_oklahoma_city_thunder_21/
Got the GMs mixed up lol,reaction,Joking correction reaction.,https://www.reddit.com/r/nba/comments/1tl4twh/post_game_thread_the_oklahoma_city_thunder_21/
Did SGA just say IHart played bad?,reaction,Surprised reaction to interview.,https://www.reddit.com/r/nba/comments/1tj7uyy/post_game_thread_the_oklahoma_city_thunder_11_tie/
Yea I’m confused by exactly what he meant,reaction,Confused reaction.,https://www.reddit.com/r/nba/comments/1tj7uyy/post_game_thread_the_oklahoma_city_thunder_11_tie/
Lmao I was surprised.,reaction,Surprised emotional response.,https://www.reddit.com/r/nba/comments/1tj7uyy/post_game_thread_the_oklahoma_city_thunder_11_tie/
Yeah what was that about,reaction,Confused reaction.,https://www.reddit.com/r/nba/comments/1tj7uyy/post_game_thread_the_oklahoma_city_thunder_11_tie/
Pretty sure it was sarcasm and she just didn’t pick it up lol,reaction,Light interpretation reaction.,https://www.reddit.com/r/nba/comments/1tj7uyy/post_game_thread_the_oklahoma_city_thunder_11_tie/
Didn’t sound sarcastic AT ALL.,reaction,Immediate disagreement reaction.,https://www.reddit.com/r/nba/comments/1tj7uyy/post_game_thread_the_oklahoma_city_thunder_11_tie/
Your brain dont work too good when you're that gassed lmao,reaction,Joking reaction.,https://www.reddit.com/r/nba/comments/1tj7uyy/post_game_thread_the_oklahoma_city_thunder_11_tie/
This confused me too,reaction,Confusion reaction.,https://www.reddit.com/r/nba/comments/1tj7uyy/post_game_thread_the_oklahoma_city_thunder_11_tie/
Idk i think grabbing a player by the hair and pulling is legal,reaction,Sarcastic reaction.,https://www.reddit.com/r/nba/comments/1tj7uyy/post_game_thread_the_oklahoma_city_thunder_11_tie/
Rest up Fox & Harper,reaction,Supportive fan reaction.,https://www.reddit.com/r/nba/comments/1tj7uyy/post_game_thread_the_oklahoma_city_thunder_11_tie/
Every teams fanbase just has a vocal minority of idiots,reaction,Broad emotional reaction.,https://www.reddit.com/r/nba/comments/1tj7uyy/post_game_thread_the_oklahoma_city_thunder_11_tie/
did sga hear that question right,reaction,Confused reaction.,https://www.reddit.com/r/nba/comments/1tj7uyy/post_game_thread_the_oklahoma_city_thunder_11_tie/
Game 1 was such a classic and Tony Brothers made sure we'd get nothing close to that on his watch.,reaction,Sarcastic frustration.,https://www.reddit.com/r/nba/comments/1tj7uyy/post_game_thread_the_oklahoma_city_thunder_11_tie/
NBA heard people talking about how good the officiating in Game 1 was and had to do something to reassure people that it was a one off and all the refs involved would be sufficiently reprimanded.,reaction,Sarcastic reaction.,https://www.reddit.com/r/nba/comments/1tj7uyy/post_game_thread_the_oklahoma_city_thunder_11_tie/
Well that was grabby.,reaction,Immediate reaction.,https://www.reddit.com/r/nba/comments/1tj7uyy/post_game_thread_the_oklahoma_city_thunder_11_tie/
"LOL you can't take that back SGA, own up to it",reaction,Humorous reaction.,https://www.reddit.com/r/nba/comments/1tj7uyy/post_game_thread_the_oklahoma_city_thunder_11_tie/
Lmao what was that SGA interview? Uhhh yeah Hart not it on national tv is crazy,reaction,Surprised interview reaction.,https://www.reddit.com/r/nba/comments/1tj7uyy/post_game_thread_the_oklahoma_city_thunder_11_tie/
Any word on Harper?,reaction,Immediate information-seeking reaction.,https://www.reddit.com/r/nba/comments/1tj7uyy/post_game_thread_the_oklahoma_city_thunder_11_tie/
That was a strange response from SGA about Hartenstein,reaction,Confused reaction.,https://www.reddit.com/r/nba/comments/1tj7uyy/post_game_thread_the_oklahoma_city_thunder_11_tie/
Caruso has lowkey been the WCF MVP so far (outside of Wemby),reaction,Fan hype reaction.,https://www.reddit.com/r/nba/comments/1tj7uyy/post_game_thread_the_oklahoma_city_thunder_11_tie/
He murdered the Spurs' zone.,reaction,Compact hype reaction.,https://www.reddit.com/r/nba/comments/1tj7uyy/post_game_thread_the_oklahoma_city_thunder_11_tie/
As a complete neutral this series has been everything I imagined and more. Hopefully Fox and Harper get back for Game 3. Same with the Thunder injuries. I want both teams at full force.,reaction,Fan enjoyment and hope reaction.,https://www.reddit.com/r/nba/comments/1tj7uyy/post_game_thread_the_oklahoma_city_thunder_11_tie/
Spurs coaching staff gonna have Wemby practice against Olynyk to get used to the arm pull strategy.,reaction,Joking reaction.,https://www.reddit.com/r/nba/comments/1tj7uyy/post_game_thread_the_oklahoma_city_thunder_11_tie/
Lmao even Shai was like that Hart defense was some bullshit,reaction,Humorous reaction.,https://www.reddit.com/r/nba/comments/1tj7uyy/post_game_thread_the_oklahoma_city_thunder_11_tie/
That Shai interview was so weird wtf why did he answer that question about Ihart like that wtf,reaction,Confused emotional reaction.,https://www.reddit.com/r/nba/comments/1tj7uyy/post_game_thread_the_oklahoma_city_thunder_11_tie/
Tony Brothers legacy game,reaction,Sarcastic reaction.,https://www.reddit.com/r/nba/comments/1tj7uyy/post_game_thread_the_oklahoma_city_thunder_11_tie/
What was that about IH on wemby?? Weird,reaction,Confused reaction.,https://www.reddit.com/r/nba/comments/1tj7uyy/post_game_thread_the_oklahoma_city_thunder_11_tie/
SGA regretted that honest comment immediately lol,reaction,Humorous reaction.,https://www.reddit.com/r/nba/comments/1tj7uyy/post_game_thread_the_oklahoma_city_thunder_11_tie/
What was this? Such a weirdly honest moment for a quick moment. He took it back immediately,reaction,Surprised interview reaction.,https://www.reddit.com/r/nba/comments/1tj7uyy/post_game_thread_the_oklahoma_city_thunder_11_tie/